EAjOg	Ovation CS24-5 Celebrity Standard Mid Cutaway Black	Есть ощущение, что в руках история.	2023-09-23T14:14:44.749Z	g2.jpg	аккустика	f1PW	7	440145
-ub-q	Ovation CS24-5 Celebrity Standard Mid Cutaway Black	Это фолк, который подойдет начинающему фингерстайл гитаристу.	2023-09-20T14:14:44.750Z	g2.jpg	аккустика	rRe9	12	357739
hguEp	Cort 5-и струнная Action-DLX-V-AS-OPN Action Series	Сейчас эти гитары гораздо доступнее чем раньше.	2023-09-20T14:14:44.750Z	g8.jpg	аккустика	e7yV	12	641923
YXIj9	Ovation CS24-5 Celebrity Standard Mid Cutaway Black	Сейчас эти гитары гораздо доступнее чем раньше.	2023-09-18T14:14:44.750Z	g2.jpg	электро	VIoz	12	479981
Hqv2E	Ovation CS24-5 Celebrity Standard Mid Cutaway Black	Создавалась для известных музыкантов.	2023-09-21T14:14:44.750Z	g8.jpg	аккустика	yPSc	12	550789
9k7RM	Fernandes LE-1Z 3S Black	Сейчас эти гитары гораздо доступнее чем раньше.	2023-09-19T14:14:44.750Z	g2.jpg	аккустика	SZzv	12	127827
GQhXI	Cort GB24JJ-2T GB Series	Если вы любите что-то необычное, что может выделиться из массы однообразного.	2023-09-20T14:14:44.750Z	g9.jpg	укулеле	j5VN	6	458632
61tbx	Cort 5-и струнная Action-DLX-V-AS-OPN Action Series	Сейчас эти гитары гораздо доступнее чем раньше.	2023-09-21T14:14:44.750Z	g6.jpg	электро	8J3j	4	978785
rK9Jr	Cort 5-и струнная Action-DLX-V-AS-OPN Action Series	Это фолк, который подойдет начинающему фингерстайл гитаристу.	2023-09-24T14:14:44.750Z	g7.jpg	аккустика	trB3	6	145851
8pCFf	Ovation CS24-5 Celebrity Standard Mid Cutaway Black	Создавалась для известных музыкантов.	2023-09-23T14:14:44.750Z	g2.jpg	укулеле	PmAU	7	297416
QEbRk	Cort 5-и струнная Action-DLX-V-AS-OPN Action Series	Есть ощущение, что в руках история.	2023-09-24T14:14:44.750Z	g7.jpg	аккустика	q-Wi	7	246117
BfQYO	Fernandes LE-1Z 3S Black	Есть ощущение, что в руках история.	2023-09-21T14:14:44.750Z	g9.jpg	аккустика	o273	12	693389
aifra	Cort GB24JJ-2T GB Series	Сейчас эти гитары гораздо доступнее чем раньше.	2023-09-22T14:14:44.750Z	g5.jpg	аккустика	yQ8m	4	404910
B0fmF	Cort 5-и струнная Action-DLX-V-AS-OPN Action Series	Создавалась для известных музыкантов.	2023-09-20T14:14:44.750Z	g9.jpg	аккустика	-X6Z	7	893240
Kxl1D	Cort GB24JJ-2T GB Series	Есть ощущение, что в руках история.	2023-09-20T14:14:44.750Z	g8.jpg	электро	KjBx	4	221841
OfXPY	Fernandes LE-1Z 3S Black	Звук очень разборчивый и подходит для мелодий: фингерстайл, переборы или игра медиатором.	2023-09-18T14:14:44.750Z	g9.jpg	аккустика	yuex	4	409622
d3T39	Ovation CS24-5 Celebrity Standard Mid Cutaway Black	Это фолк, который подойдет начинающему фингерстайл гитаристу.	2023-09-20T14:14:44.750Z	g7.jpg	электро	WQRL	4	407298
iDEYi	Cort GB24JJ-2T GB Series	Если вы любите что-то необычное, что может выделиться из массы однообразного.	2023-09-22T14:14:44.750Z	g2.jpg	аккустика	hd8A	4	388429
eQcXy	Ditson 000-10 (ель/красное дерево)	Если вы любите что-то необычное, что может выделиться из массы однообразного.	2023-09-23T14:14:44.750Z	g7.jpg	аккустика	aUhx	6	541408
SLMEr	Fernandes LE-1Z 3S Black	Сейчас эти гитары гораздо доступнее чем раньше.	2023-09-18T14:14:44.750Z	g5.jpg	укулеле	3Y69	6	149219
AvXpa	Cort 5-и струнная Action-DLX-V-AS-OPN Action Series	Звук очень разборчивый и подходит для мелодий: фингерстайл, переборы или игра медиатором.	2023-09-18T14:14:44.750Z	g8.jpg	электро	udHA	7	27813
vRnON	Ovation CS24-5 Celebrity Standard Mid Cutaway Black	Если вы любите что-то необычное, что может выделиться из массы однообразного.	2023-09-20T14:14:44.750Z	g10.jpg	укулеле	D0-R	6	251440
uLWtb	Fernandes LE-1Z 3S Black	Есть ощущение, что в руках история.	2023-09-19T14:14:44.750Z	g4.jpg	укулеле	W-MH	7	135596
Mkian	Fernandes LE-1Z 3S Black	Звук очень разборчивый и подходит для мелодий: фингерстайл, переборы или игра медиатором.	2023-09-24T14:14:44.750Z	g6.jpg	укулеле	Uhk-	7	234938
AxzAj	Ditson 000-10 (ель/красное дерево)	Если вы любите что-то необычное, что может выделиться из массы однообразного.	2023-09-23T14:14:44.750Z	g3.jpg	аккустика	-VBf	6	478171
UVXTi	Cort 5-и струнная Action-DLX-V-AS-OPN Action Series	Сейчас эти гитары гораздо доступнее чем раньше.	2023-09-24T14:14:44.751Z	g5.jpg	аккустика	8o7a	7	316802
NqYzN	Cort GB24JJ-2T GB Series	Сейчас эти гитары гораздо доступнее чем раньше.	2023-09-24T14:14:44.751Z	g6.jpg	электро	Ov93	6	471009
jOREq	Ditson 000-10 (ель/красное дерево)	Есть ощущение, что в руках история.	2023-09-22T14:14:44.751Z	g6.jpg	укулеле	UEAS	6	467629
79CLu	Fernandes LE-1Z 3S Black	Если вы любите что-то необычное, что может выделиться из массы однообразного.	2023-09-20T14:14:44.751Z	g10.jpg	аккустика	SDNL	6	524030
SxIfE	Fernandes LE-1Z 3S Black	Создавалась для известных музыкантов.	2023-09-23T14:14:44.751Z	g5.jpg	аккустика	E62x	7	604320
gRzYk	Ovation CS24-5 Celebrity Standard Mid Cutaway Black	Сейчас эти гитары гораздо доступнее чем раньше.	2023-09-24T14:14:44.751Z	g2.jpg	аккустика	ASzy	7	582472
lksAX	Fernandes LE-1Z 3S Black	Создавалась для известных музыкантов.	2023-09-19T14:14:44.751Z	g1.jpg	аккустика	sCwZ	6	579956
ght2X	Ovation CS24-5 Celebrity Standard Mid Cutaway Black	Если вы любите что-то необычное, что может выделиться из массы однообразного.	2023-09-22T14:14:44.751Z	g5.jpg	аккустика	TLSO	7	388648
-vnyz	Cort GB24JJ-2T GB Series	Звук очень разборчивый и подходит для мелодий: фингерстайл, переборы или игра медиатором.	2023-09-23T14:14:44.751Z	g5.jpg	электро	TQ04	4	729327
eNRl-	Ovation CS24-5 Celebrity Standard Mid Cutaway Black	Создавалась для известных музыкантов.	2023-09-20T14:14:44.751Z	g3.jpg	аккустика	LwD8	6	526398
QWjLd	Fernandes LE-1Z 3S Black	Звук очень разборчивый и подходит для мелодий: фингерстайл, переборы или игра медиатором.	2023-09-19T14:14:44.751Z	g10.jpg	укулеле	fB3B	4	358196
kU9fL	Ovation CS24-5 Celebrity Standard Mid Cutaway Black	Сейчас эти гитары гораздо доступнее чем раньше.	2023-09-23T14:14:44.751Z	g3.jpg	аккустика	aGM2	12	55741
2aklq	Fernandes LE-1Z 3S Black	Если вы любите что-то необычное, что может выделиться из массы однообразного.	2023-09-23T14:14:44.751Z	g7.jpg	укулеле	rsOL	7	21342
6Ns1k	Ovation CS24-5 Celebrity Standard Mid Cutaway Black	Это фолк, который подойдет начинающему фингерстайл гитаристу.	2023-09-23T14:14:44.751Z	g9.jpg	аккустика	OV69	7	849500
gKl8H	Ditson 000-10 (ель/красное дерево)	Если вы любите что-то необычное, что может выделиться из массы однообразного.	2023-09-20T14:14:44.751Z	g2.jpg	укулеле	QYSu	7	126142
bRLDH	Cort GB24JJ-2T GB Series	Это фолк, который подойдет начинающему фингерстайл гитаристу.	2023-09-23T14:14:44.751Z	g10.jpg	аккустика	UADZ	6	244313
JOEo6	Ovation CS24-5 Celebrity Standard Mid Cutaway Black	Это фолк, который подойдет начинающему фингерстайл гитаристу.	2023-09-19T14:14:44.751Z	g3.jpg	электро	l9vX	4	315666
IwgSJ	Cort GB24JJ-2T GB Series	Есть ощущение, что в руках история.	2023-09-21T14:14:44.751Z	g4.jpg	аккустика	lIVY	7	590142
p0MdW	Ovation CS24-5 Celebrity Standard Mid Cutaway Black	Если вы любите что-то необычное, что может выделиться из массы однообразного.	2023-09-23T14:14:44.751Z	g9.jpg	укулеле	EbcE	4	953178
k0sIL	Cort 5-и струнная Action-DLX-V-AS-OPN Action Series	Если вы любите что-то необычное, что может выделиться из массы однообразного.	2023-09-23T14:14:44.751Z	g4.jpg	укулеле	tzwE	6	809465
SzWEX	Cort GB24JJ-2T GB Series	Есть ощущение, что в руках история.	2023-09-19T14:14:44.751Z	g5.jpg	укулеле	1oRs	12	599047
1dC_x	Cort 5-и струнная Action-DLX-V-AS-OPN Action Series	Создавалась для известных музыкантов.	2023-09-18T14:14:44.751Z	g8.jpg	аккустика	MUUx	7	132882
EYLTZ	Ditson 000-10 (ель/красное дерево)	Это фолк, который подойдет начинающему фингерстайл гитаристу.	2023-09-21T14:14:44.751Z	g2.jpg	электро	RcD5	7	792092
glQyO	Ovation CS24-5 Celebrity Standard Mid Cutaway Black	Есть ощущение, что в руках история.	2023-09-19T14:14:44.751Z	g9.jpg	электро	255X	6	285066
MMYNC	Fernandes LE-1Z 3S Black	Если вы любите что-то необычное, что может выделиться из массы однообразного.	2023-09-22T14:14:44.751Z	g5.jpg	аккустика	QZ9f	12	547444
W4kSb	Ditson 000-10 (ель/красное дерево)	Если вы любите что-то необычное, что может выделиться из массы однообразного.	2023-09-19T14:14:44.751Z	g3.jpg	аккустика	4YPE	7	826914
fgPUm	Cort GB24JJ-2T GB Series	Создавалась для известных музыкантов.	2023-09-21T14:14:44.751Z	g10.jpg	аккустика	W51Z	6	19876
r02zJ	Fernandes LE-1Z 3S Black	Есть ощущение, что в руках история.	2023-09-19T14:14:44.751Z	g5.jpg	аккустика	2vrj	6	499952
2IZ3D	Fernandes LE-1Z 3S Black	Звук очень разборчивый и подходит для мелодий: фингерстайл, переборы или игра медиатором.	2023-09-23T14:14:44.751Z	g5.jpg	аккустика	nZLb	12	404803
tPTf2	Cort 5-и струнная Action-DLX-V-AS-OPN Action Series	Есть ощущение, что в руках история.	2023-09-22T14:14:44.751Z	g3.jpg	укулеле	nb4O	6	857476
k35MP	Fernandes LE-1Z 3S Black	Звук очень разборчивый и подходит для мелодий: фингерстайл, переборы или игра медиатором.	2023-09-22T14:14:44.751Z	g10.jpg	аккустика	Bo8l	6	553989
Xv2GU	Ditson 000-10 (ель/красное дерево)	Создавалась для известных музыкантов.	2023-09-22T14:14:44.751Z	g9.jpg	аккустика	ACu2	4	675347
pxDr0	Cort GB24JJ-2T GB Series	Если вы любите что-то необычное, что может выделиться из массы однообразного.	2023-09-19T14:14:44.751Z	g2.jpg	аккустика	PZwU	12	186242
6MSiq	Cort GB24JJ-2T GB Series	Создавалась для известных музыкантов.	2023-09-19T14:14:44.751Z	g6.jpg	электро	ejDW	6	892218
AZoei	Fernandes LE-1Z 3S Black	Создавалась для известных музыкантов.	2023-09-22T14:14:44.751Z	g5.jpg	аккустика	Mor2	7	859078
9ihg0	Cort 5-и струнная Action-DLX-V-AS-OPN Action Series	Сейчас эти гитары гораздо доступнее чем раньше.	2023-09-22T14:14:44.751Z	g10.jpg	электро	HXpp	7	892321
ry9d3	Fernandes LE-1Z 3S Black	Сейчас эти гитары гораздо доступнее чем раньше.	2023-09-24T14:14:44.751Z	g2.jpg	аккустика	Ypak	4	538002
CDkl6	Fernandes LE-1Z 3S Black	Создавалась для известных музыкантов.	2023-09-22T14:14:44.751Z	g5.jpg	укулеле	Meqb	7	748641
5nCfT	Cort 5-и струнная Action-DLX-V-AS-OPN Action Series	Создавалась для известных музыкантов.	2023-09-22T14:14:44.751Z	g8.jpg	аккустика	xDiD	12	436128
CIiZI	Fernandes LE-1Z 3S Black	Создавалась для известных музыкантов.	2023-09-21T14:14:44.751Z	g8.jpg	аккустика	pIfE	12	193005
c26_u	Cort GB24JJ-2T GB Series	Если вы любите что-то необычное, что может выделиться из массы однообразного.	2023-09-24T14:14:44.751Z	g1.jpg	аккустика	sG8S	6	867050
jkd6L	Cort GB24JJ-2T GB Series	Создавалась для известных музыкантов.	2023-09-20T14:14:44.751Z	g5.jpg	аккустика	EJjI	4	471346
CulJy	Fernandes LE-1Z 3S Black	Звук очень разборчивый и подходит для мелодий: фингерстайл, переборы или игра медиатором.	2023-09-23T14:14:44.751Z	g9.jpg	аккустика	g0fk	6	246640
byAUB	Cort 5-и струнная Action-DLX-V-AS-OPN Action Series	Если вы любите что-то необычное, что может выделиться из массы однообразного.	2023-09-20T14:14:44.751Z	g7.jpg	электро	kxLu	12	183891
Sa7QB	Fernandes LE-1Z 3S Black	Сейчас эти гитары гораздо доступнее чем раньше.	2023-09-23T14:14:44.751Z	g6.jpg	аккустика	Se3S	6	108860
Iakd1	Fernandes LE-1Z 3S Black	Звук очень разборчивый и подходит для мелодий: фингерстайл, переборы или игра медиатором.	2023-09-19T14:14:44.751Z	g5.jpg	электро	rtCi	4	994789
yvPxV	Cort 5-и струнная Action-DLX-V-AS-OPN Action Series	Есть ощущение, что в руках история.	2023-09-18T14:14:44.751Z	g8.jpg	электро	Jngi	7	994188
SkZ2j	Ovation CS24-5 Celebrity Standard Mid Cutaway Black	Это фолк, который подойдет начинающему фингерстайл гитаристу.	2023-09-18T14:14:44.751Z	g8.jpg	электро	cdRf	12	449396
lvHR0	Fernandes LE-1Z 3S Black	Если вы любите что-то необычное, что может выделиться из массы однообразного.	2023-09-18T14:14:44.751Z	g6.jpg	электро	tCgR	6	150641
7vSPW	Ditson 000-10 (ель/красное дерево)	Если вы любите что-то необычное, что может выделиться из массы однообразного.	2023-09-21T14:14:44.751Z	g4.jpg	укулеле	q_yg	4	70592
r8XFy	Fernandes LE-1Z 3S Black	Звук очень разборчивый и подходит для мелодий: фингерстайл, переборы или игра медиатором.	2023-09-19T14:14:44.751Z	g2.jpg	аккустика	5TO2	7	221005
oeHR1	Ditson 000-10 (ель/красное дерево)	Создавалась для известных музыкантов.	2023-09-21T14:14:44.751Z	g7.jpg	укулеле	XdcM	6	707239
w_iQ8	Fernandes LE-1Z 3S Black	Звук очень разборчивый и подходит для мелодий: фингерстайл, переборы или игра медиатором.	2023-09-20T14:14:44.751Z	g7.jpg	электро	yyDj	6	797705
tYjUw	Cort GB24JJ-2T GB Series	Создавалась для известных музыкантов.	2023-09-19T14:14:44.751Z	g2.jpg	аккустика	U_2f	12	143510
6HLSL	Ovation CS24-5 Celebrity Standard Mid Cutaway Black	Звук очень разборчивый и подходит для мелодий: фингерстайл, переборы или игра медиатором.	2023-09-22T14:14:44.751Z	g9.jpg	электро	eabT	6	892822
eeVy6	Fernandes LE-1Z 3S Black	Это фолк, который подойдет начинающему фингерстайл гитаристу.	2023-09-23T14:14:44.751Z	g1.jpg	электро	aR__	4	530947
la6RQ	Cort GB24JJ-2T GB Series	Если вы любите что-то необычное, что может выделиться из массы однообразного.	2023-09-22T14:14:44.751Z	g7.jpg	электро	y98k	6	720520
AafS2	Cort GB24JJ-2T GB Series	Если вы любите что-то необычное, что может выделиться из массы однообразного.	2023-09-22T14:14:44.751Z	g3.jpg	электро	lBMq	12	939101
snS_Q	Ovation CS24-5 Celebrity Standard Mid Cutaway Black	Сейчас эти гитары гораздо доступнее чем раньше.	2023-09-22T14:14:44.751Z	g5.jpg	аккустика	rDDI	4	275844
eGO11	Fernandes LE-1Z 3S Black	Сейчас эти гитары гораздо доступнее чем раньше.	2023-09-21T14:14:44.751Z	g2.jpg	электро	an3j	4	378218
NaJP9	Ovation CS24-5 Celebrity Standard Mid Cutaway Black	Есть ощущение, что в руках история.	2023-09-23T14:14:44.751Z	g5.jpg	укулеле	p6ks	7	520948
XdhYu	Ovation CS24-5 Celebrity Standard Mid Cutaway Black	Звук очень разборчивый и подходит для мелодий: фингерстайл, переборы или игра медиатором.	2023-09-19T14:14:44.751Z	g9.jpg	аккустика	DNi8	7	465591
Al5b_	Cort 5-и струнная Action-DLX-V-AS-OPN Action Series	Если вы любите что-то необычное, что может выделиться из массы однообразного.	2023-09-21T14:14:44.751Z	g1.jpg	аккустика	_J7O	12	57663
LIPrg	Ovation CS24-5 Celebrity Standard Mid Cutaway Black	Звук очень разборчивый и подходит для мелодий: фингерстайл, переборы или игра медиатором.	2023-09-20T14:14:44.752Z	g9.jpg	аккустика	_16Q	12	583880
5GtXu	Ditson 000-10 (ель/красное дерево)	Звук очень разборчивый и подходит для мелодий: фингерстайл, переборы или игра медиатором.	2023-09-20T14:14:44.752Z	g10.jpg	аккустика	RAMa	7	517683
VHsR0	Fernandes LE-1Z 3S Black	Есть ощущение, что в руках история.	2023-09-18T14:14:44.752Z	g5.jpg	укулеле	hgZR	12	800809
u3lUe	Cort 5-и струнная Action-DLX-V-AS-OPN Action Series	Звук очень разборчивый и подходит для мелодий: фингерстайл, переборы или игра медиатором.	2023-09-22T14:14:44.752Z	g10.jpg	укулеле	Y-9l	6	419793
htkU-	Cort 5-и струнная Action-DLX-V-AS-OPN Action Series	Если вы любите что-то необычное, что может выделиться из массы однообразного.	2023-09-20T14:14:44.752Z	g7.jpg	укулеле	RIAE	6	782561
AqPR9	Cort 5-и струнная Action-DLX-V-AS-OPN Action Series	Если вы любите что-то необычное, что может выделиться из массы однообразного.	2023-09-19T14:14:44.752Z	g7.jpg	электро	F8V5	6	932122
ya-20	Fernandes LE-1Z 3S Black	Есть ощущение, что в руках история.	2023-09-20T14:14:44.752Z	g7.jpg	электро	PMWT	12	667179
xWH8H	Cort 5-и струнная Action-DLX-V-AS-OPN Action Series	Есть ощущение, что в руках история.	2023-09-23T14:14:44.752Z	g8.jpg	аккустика	ttgk	12	964563
Evnj-	Fernandes LE-1Z 3S Black	Звук очень разборчивый и подходит для мелодий: фингерстайл, переборы или игра медиатором.	2023-09-20T14:14:44.752Z	g7.jpg	электро	3oLq	7	791754
UL7KC	Cort GB24JJ-2T GB Series	Звук очень разборчивый и подходит для мелодий: фингерстайл, переборы или игра медиатором.	2023-09-20T14:14:44.752Z	g3.jpg	аккустика	RyjQ	12	237880
o14Ca	Cort GB24JJ-2T GB Series	Сейчас эти гитары гораздо доступнее чем раньше.	2023-09-21T14:14:44.752Z	g4.jpg	аккустика	fRLb	7	915440
r-_fe	Cort 5-и струнная Action-DLX-V-AS-OPN Action Series	Если вы любите что-то необычное, что может выделиться из массы однообразного.	2023-09-23T14:14:44.752Z	g6.jpg	аккустика	WI28	6	762092
